TrackId,Name,AlbumId,MediaTypeId,GenreId,Composer,Milliseconds,Bytes,UnitPrice
3504,Lmao.,274,3,16,Ramón,502059,34492943,1.84
3505,Scream.,277,2,25,Anabel,617866,41095914,1.26
3506,Hate The.,44,1,8,Pamela,773404,38190379,1.73
3507,Hearth.,164,2,19,Pamela,808833,17872090,1.59
3508,Him You.,110,1,5,Alicia,559034,15538021,1.6
3509,Look Hate Her Her Hate.,256,2,12,Zacarías,711275,17083741,1.99
3510,Please Her Party Look.,64,2,16,Tomás,719585,11363099,1.71
3511,Me Hate.,272,3,20,Lucía,571745,43958099,1.0
3512,Love Love.,199,4,13,HermelindaHernán,311733,45498014,0.54
3513,You Hate LMAO.,113,4,3,Miguel,431240,23047477,1.28
3514,Party Her You Party Hearth.,40,2,14,Cornelio,642528,37621877,1.44
3515,Hearth.,345,4,7,Luis,541752,33255966,0.76
3516,Her.,179,2,20,Concepción,858248,16866726,1.51
3517,Hate.,298,1,15,Dalia,804539,28089405,1.29
3518,Hearth.,21,2,25,Marisol,429391,49564705,0.67
3519,And.,107,1,21,Elias,480370,36024782,0.76
3520,Hearth.,141,4,3,Celia,490402,45170579,1.24
3521,Her.,174,1,14,Aldo,796137,47347916,1.53
3522,Party.,161,3,13,Luis Manuel,871713,43505263,1.05
3523,Me The.,280,1,4,Natividad,425121,13046746,0.78
3524,Look Scream.,335,1,13,Ángela,507665,30166061,1.99
3525,Him.,227,4,4,Renato,740308,17410950,0.82
3526,Her Generiquino Scream.,226,2,1,Luis Manuel,640170,18977199,0.6
3527,And.,253,2,22,Homero,620551,42493547,1.68
3528,And Please Friend.,168,4,25,Amanda,687065,22520024,1.33
3529,The You Generiquino Me Party.,37,3,4,José,689590,39047395,1.96
3530,Him.,286,4,12,Cristal,480358,43988550,1.13
3531,Friend.,25,1,5,Julio César,805648,7423767,1.34
3532,Friend You Hate.,172,1,5,Clara,739677,43802599,1.68
3533,Party Party.,93,3,9,Abelardo,873779,36350497,1.55
3534,Hate.,225,3,15,Victoria,804434,33318286,1.9
3535,Lmao Orchestra Me.,94,4,20,María,496999,26303509,1.23
3536,Her.,57,1,1,Gregorio,801609,49225894,1.99
3537,The.,292,3,7,Magdalena,792871,7694160,1.54
3538,Friend Orchestra Generiquino.,245,4,2,Graciela,781534,40592053,1.31
3539,Friend Me.,160,3,20,Amanda,616320,16307482,0.74
3540,Generiquino Friend Orchestra Orchestra.,117,2,14,Yuridia,854620,36920214,1.09
3541,Scream Him Generiquino.,38,3,13,Augusto,835992,45676280,1.51
3542,Hearth Her.,68,4,8,Jaime,564038,22894415,1.76
3543,You Friend.,74,2,24,Alta  Gracia,493989,24718693,0.81
3544,Hearth.,306,4,21,Jesús,320729,33934324,0.85
3545,Lmao.,61,2,4,Amelia,378620,15565078,1.34
3546,Party.,285,1,19,Irma,619883,28901639,0.91
3547,Hate You.,282,4,13,Rodrigo,599853,44210394,1.45
3548,You.,308,2,22,Magdalena,775119,44589436,1.91
3549,Me You Him Party.,103,3,15,Espartaco,859377,20577910,0.66
3550,Her The.,284,1,4,Dulce María,784315,49022122,1.87
3551,Orchestra You Party.,282,1,21,Amalia,360967,35678151,1.51
3552,You.,83,1,24,Diego,574532,23173447,1.82
3553,Party.,284,1,17,Blanca,431755,23906358,1.01
3554,Me Hate.,25,1,21,Yolanda,673190,23858282,1.32
3555,Scream.,40,1,10,Adán,647654,8710776,0.81
3556,Scream Her Please.,322,1,15,Israel,747084,45909995,1.78
3557,Him.,64,2,6,Magdalena,442076,43640141,1.42
3558,Scream Friend.,161,1,1,Wilfrido,684391,8562777,1.12
3559,Lmao LMAO Her Party.,281,3,22,Carlos,667236,31825346,1.1
3560,Please.,110,3,10,Frida,505718,32280510,1.13
3561,Lmao Friend.,61,1,22,Pedro,772448,26548050,1.03
3562,Hate.,114,2,21,Serafín,532754,39779750,0.67
3563,Me Him Me Orchestra Love.,210,2,25,Luis Manuel,781288,32993831,1.67
3564,And Hearth.,324,2,4,Mariana,874798,48197908,1.05
3565,Her You.,92,2,24,Diana,401205,45615467,1.95
3566,Me Love.,71,3,12,Elsa,376389,15171854,0.93
3567,Me You.,7,1,25,José,729302,41594372,0.8
3568,The Me.,329,4,1,Yeni,743513,31335983,1.08
3569,Orchestra And The And LMAO.,157,4,24,Bernardo,613573,25287451,0.56
3570,Me.,190,3,15,Rosalia,315963,45980043,0.5
3571,Scream Friend.,198,4,19,Dulce María,814881,21547540,0.73
3572,You Party.,141,4,10,Eugenio,508224,25295730,1.47
3573,The.,198,1,13,Gerónimo,736934,14760840,1.24
3574,Her.,18,1,15,Mauro,778902,18171155,1.17
3575,Love The Orchestra Love.,270,3,8,Araceli,436415,43613068,0.75
3576,Please And.,95,3,1,Felipe,410436,16475608,0.77
3577,Love Hearth Orchestra.,115,1,25,Conchita,501510,37328597,0.74
3578,The Hate.,282,3,21,Ana María,371242,25522634,0.76
3579,You Him.,66,1,22,Camilo,779523,26861965,0.59
3580,And And Hate.,225,2,24,Andrea,408751,15443271,1.53
3581,Look Friend Love.,84,2,21,Amador,788522,24322584,1.94
3582,You The You.,177,2,6,Espartaco,675856,10228489,0.56
3583,Hate Hearth.,313,4,10,Camilo,604080,30737970,0.61
3584,Orchestra Scream Her Her LMAO.,187,4,20,Úrsula,602783,48456254,0.99
3585,Hearth.,175,2,21,Isabel,312874,8400676,1.29
3586,Look.,102,3,2,Augusto,626024,40815415,0.82
3587,Friend Me LMAO.,54,4,12,Gonzalo,383793,26279323,1.15
3588,And Party.,222,1,8,Daniela,656843,36662352,1.66
3589,Me.,334,1,23,Luis,616597,15473840,0.71
3590,Generiquino Love Friend Me.,188,2,6,Yeni,659598,37051384,0.95
3591,Look.,115,1,10,Carla,447878,29467545,0.75
3592,Orchestra.,318,3,15,Elsa,786273,12982731,1.44
3593,Friend Please.,225,3,8,Isabel,774754,19544760,1.86
3594,Orchestra Hate Party Please Him.,112,1,2,Beatriz,536029,30468315,1.82
3595,Orchestra Hearth The.,68,1,14,Eugenia,674738,36785651,0.94
3596,Generiquino.,288,3,25,Miguel,512454,38180936,1.9
